year,company,revenue,cogs,gross_profit,opex,rd_expense,sga_expense,ebitda,depreciation,ebit,interest_expense,ebt,tax_expense,net_income,capex,accounts_receivable,inventory,accounts_payable,working_capital,customers_eoy,arpu,churn_rate_avg,gross_margin_avg,ebitda_margin_avg,net_margin_avg,inflation_rate_avg,interest_rate_avg,gdp_growth_avg
2018,AcmeCorp,6500000.0,2795000.0000000005,3704999.9999999995,1300000.0,585000.0,715000.0,1105000.0,260000.0,845000.0,150000,695000.0,194600.00000000003,585000.0,357500.0,780000.0,520000.0,390000.0,910000.0000000001,1200,5416.666666666667,0.055,0.57,0.17,0.09,5.5,6.8,1.5
2019,AcmeCorp,7960000.0,3359120.0000000005,4600880.0,1592000.0,716400.0,875600.0,1448720.0000000002,318400.0,1130320.0000000002,150000,980320.0000000002,274489.6000000001,796000.0,437800.0,955200.0,636800.0,477600.0,1114400.0,1800,4422.222222222223,0.0504,0.578,0.18200000000000002,0.1,5.5,6.8,1.5
2020,AcmeCorp,9420000.0,3899880.0000000005,5520120.0,1884000.0,847800.0,1036200.0,1827480.0,376800.0,1450680.0,150000,1300680.0,364190.4,1036200.0,518100.0,1130400.0,753600.0,565200.0,1318800.0000000002,2400,3925.0,0.0458,0.586,0.194,0.11,5.5,6.8,1.5
2021,AcmeCorp,10880000.0,4417280.0,6462720.0,2176000.0,979200.0,1196800.0,2241280.0,435200.0,1806080.0,150000,1656080.0,463702.4,1305600.0,598400.0,1305600.0,870400.0,652800.0,1523200.0000000002,3000,3626.6666666666665,0.0412,0.594,0.20600000000000002,0.12000000000000001,5.5,6.8,1.5
2022,AcmeCorp,12340000.0,4911320.0,7428680.0,2468000.0,1110600.0,1357400.0,2690120.0000000005,493600.0,2196520.0000000005,150000,2046520.0000000005,573025.6000000002,1604200.0,678700.0,1480800.0,987200.0,740400.0,1727600.0000000002,3600,3427.777777777778,0.0366,0.602,0.21800000000000003,0.13,5.5,6.8,1.5
2023,AcmeCorp,13800000.0,5382000.0,8418000.0,2760000.0,1242000.0,1518000.0,3174000.0,552000.0,2622000.0,150000,2472000.0,692160.0000000001,1932000.0000000002,759000.0,1656000.0,1104000.0,828000.0,1932000.0000000002,4200,3285.714285714286,0.032,0.61,0.23,0.14,5.5,6.8,1.5
